ENV_SIMID,ENV_TEST,TASK_ID,n_rep,gray_srs,gray_s,gray_svy
52,gray,5,229,0.0524017467248908,0.0393013100436681,0.131004366812227
