ENV_SIMID,ENV_TEST,TASK_ID,n_rep,gray_srs,gray_s,gray_svy
54,gray,2,272,0.882352941176471,0.558823529411765,0.533088235294118
