ENV_SIMID,ENV_TEST,TASK_ID,n_rep,gray_srs,gray_s,gray_svy
53,gray,5,249,0.895582329317269,0.42570281124498,0.582329317269076
