ENV_SIMID,ENV_TEST,TASK_ID,n_rep,gray_srs,gray_s,gray_svy
50,gray,19,272,0.897058823529412,0.466911764705882,0.658088235294118
