ENV_SIMID,ENV_TEST,TASK_ID,n_rep,gray_srs,gray_s,gray_svy
39,gray,15,249,0.767068273092369,0.42570281124498,0.449799196787149
