ENV_SIMID,ENV_TEST,TASK_ID,n_rep,gray_srs,gray_s,gray_svy
50,gray,6,270,0.888888888888889,0.52962962962963,0.648148148148148
