ENV_SIMID,ENV_TEST,TASK_ID,n_rep,gray_srs,gray_s,gray_svy
47,gray,16,230,0.917391304347826,0.48695652173913,0.647826086956522
