ENV_SIMID,ENV_TEST,TASK_ID,n_rep,gray_srs,gray_s,gray_svy
42,gray,12,249,0.751004016064257,0.449799196787149,0.409638554216867
