ENV_SIMID,ENV_TEST,TASK_ID,n_rep,gray_srs,gray_s,gray_svy
52,gray,13,228,0.0482456140350877,0.087719298245614,0.135964912280702
