ENV_SIMID,ENV_TEST,TASK_ID,n_rep,gray_srs,gray_s,gray_svy
44,gray,20,228,0.982456140350877,0.609649122807018,0.736842105263158
