ENV_SIMID,ENV_TEST,TASK_ID,n_rep,gray_srs,gray_s,gray_svy
52,gray,2,230,0.0565217391304348,0.0652173913043478,0.134782608695652
