ENV_SIMID,ENV_TEST,TASK_ID,n_rep,gray_srs,gray_s,gray_svy
54,gray,9,249,0.911646586345382,0.558232931726908,0.51004016064257
