ENV_SIMID,ENV_TEST,TASK_ID,n_rep,gray_srs,gray_s,gray_svy
48,gray,7,270,0.896296296296296,0.562962962962963,0.555555555555556
