ENV_SIMID,ENV_TEST,TASK_ID,n_rep,gray_srs,gray_s,gray_svy
40,gray,5,230,0.0478260869565217,0.0608695652173913,0.0956521739130435
