ENV_SIMID,ENV_TEST,TASK_ID,n_rep,gray_srs,gray_s,gray_svy
54,gray,20,249,0.903614457831325,0.55421686746988,0.57429718875502
