ENV_SIMID,ENV_TEST,TASK_ID,n_rep,gray_srs,gray_s,gray_svy
37,gray,6,208,0.0384615384615385,0.0673076923076923,0.0673076923076923
