ENV_SIMID,ENV_TEST,TASK_ID,n_rep,gray_srs,gray_s,gray_svy
45,gray,6,249,0.791164658634538,0.465863453815261,0.433734939759036
