ENV_SIMID,ENV_TEST,TASK_ID,n_rep,gray_srs,gray_s,gray_svy
39,gray,4,334,0.79940119760479,0.434131736526946,0.455089820359281
