ENV_SIMID,ENV_TEST,TASK_ID,n_rep,gray_srs,gray_s,gray_svy
45,gray,4,251,0.812749003984064,0.402390438247012,0.358565737051793
