ENV_SIMID,ENV_TEST,TASK_ID,n_rep,gray_srs,gray_s,gray_svy
37,gray,19,210,0.080952380952381,0.0666666666666667,0.0761904761904762
