ENV_SIMID,ENV_TEST,TASK_ID,n_rep,gray_srs,gray_s,gray_svy
44,gray,2,231,0.961038961038961,0.653679653679654,0.792207792207792
