ENV_SIMID,ENV_TEST,TASK_ID,n_rep,gray_srs,gray_s,gray_svy
41,gray,14,354,0.966101694915254,0.692090395480226,0.81638418079096
