ENV_SIMID,ENV_TEST,TASK_ID,n_rep,gray_srs,gray_s,gray_svy
51,gray,7,249,0.907630522088353,0.550200803212851,0.538152610441767
