ENV_SIMID,ENV_TEST,TASK_ID,n_rep,gray_srs,gray_s,gray_svy
37,gray,18,229,0.0786026200873362,0.074235807860262,0.0829694323144105
