ENV_SIMID,ENV_TEST,TASK_ID,n_rep,gray_srs,gray_s,gray_svy
51,gray,6,270,0.914814814814815,0.555555555555556,0.585185185185185
