ENV_SIMID,ENV_TEST,TASK_ID,n_rep,gray_srs,gray_s,gray_svy
41,gray,5,227,0.991189427312775,0.616740088105727,0.784140969162996
