ENV_SIMID,ENV_TEST,TASK_ID,n_rep,gray_srs,gray_s,gray_svy
44,gray,12,231,0.956709956709957,0.606060606060606,0.761904761904762
