ENV_SIMID,ENV_TEST,TASK_ID,n_rep,gray_srs,gray_s,gray_svy
52,gray,15,229,0.0524017467248908,0.0567685589519651,0.157205240174672
