ENV_SIMID,ENV_TEST,TASK_ID,n_rep,gray_srs,gray_s,gray_svy
47,gray,8,229,0.88646288209607,0.554585152838428,0.698689956331878
