ENV_SIMID,ENV_TEST,TASK_ID,n_rep,gray_srs,gray_s,gray_svy
51,gray,12,270,0.907407407407407,0.533333333333333,0.544444444444444
