ENV_SIMID,ENV_TEST,TASK_ID,n_rep,gray_srs,gray_s,gray_svy
41,gray,1,230,0.973913043478261,0.61304347826087,0.756521739130435
