ENV_SIMID,ENV_TEST,TASK_ID,n_rep,gray_srs,gray_s,gray_svy
46,gray,12,353,0.0481586402266289,0.0538243626062323,0.0651558073654391
