ENV_SIMID,ENV_TEST,TASK_ID,n_rep,gray_srs,gray_s,gray_svy
51,gray,3,271,0.907749077490775,0.583025830258303,0.564575645756458
