ENV_SIMID,ENV_TEST,TASK_ID,n_rep,gray_srs,gray_s,gray_svy
45,gray,1,271,0.804428044280443,0.461254612546125,0.435424354243542
