ENV_SIMID,ENV_TEST,TASK_ID,n_rep,gray_srs,gray_s,gray_svy
38,gray,16,292,0.958904109589041,0.660958904109589,0.828767123287671
