ENV_SIMID,ENV_TEST,TASK_ID,n_rep,gray_srs,gray_s,gray_svy
37,gray,10,207,0.0386473429951691,0.0821256038647343,0.0821256038647343
