ENV_SIMID,ENV_TEST,TASK_ID,n_rep,gray_srs,gray_s,gray_svy
53,gray,14,249,0.895582329317269,0.44578313253012,0.578313253012048
