ENV_SIMID,ENV_TEST,TASK_ID,n_rep,gray_srs,gray_s,gray_svy
38,gray,8,230,0.969565217391304,0.647826086956522,0.834782608695652
