ENV_SIMID,ENV_TEST,TASK_ID,n_rep,gray_srs,gray_s,gray_svy
42,gray,16,249,0.763052208835341,0.449799196787149,0.401606425702811
