ENV_SIMID,ENV_TEST,TASK_ID,n_rep,gray_srs,gray_s,gray_svy
45,gray,2,270,0.803703703703704,0.433333333333333,0.403703703703704
