ENV_SIMID,ENV_TEST,TASK_ID,n_rep,gray_srs,gray_s,gray_svy
43,gray,4,209,0.0239234449760766,0.177033492822967,0.220095693779904
