ENV_SIMID,ENV_TEST,TASK_ID,n_rep,gray_srs,gray_s,gray_svy
39,gray,10,271,0.771217712177122,0.428044280442804,0.453874538745387
