ENV_SIMID,ENV_TEST,TASK_ID,n_rep,gray_srs,gray_s,gray_svy
47,gray,3,252,0.880952380952381,0.488095238095238,0.642857142857143
