ENV_SIMID,ENV_TEST,TASK_ID,n_rep,gray_srs,gray_s,gray_svy
47,gray,13,249,0.891566265060241,0.534136546184739,0.706827309236948
