ENV_SIMID,ENV_TEST,TASK_ID,n_rep,gray_srs,gray_s,gray_svy
39,gray,8,335,0.782089552238806,0.417910447761194,0.456716417910448
