ENV_SIMID,ENV_TEST,TASK_ID,n_rep,gray_srs,gray_s,gray_svy
45,gray,19,333,0.771771771771772,0.48048048048048,0.405405405405405
