ENV_SIMID,ENV_TEST,TASK_ID,n_rep,gray_srs,gray_s,gray_svy
42,gray,19,333,0.747747747747748,0.447447447447447,0.411411411411411
