ENV_SIMID,ENV_TEST,TASK_ID,n_rep,gray_srs,gray_s,gray_svy
54,gray,18,249,0.91566265060241,0.582329317269076,0.602409638554217
