ENV_SIMID,ENV_TEST,TASK_ID,n_rep,gray_srs,gray_s,gray_svy
54,gray,12,251,0.924302788844621,0.581673306772908,0.565737051792829
