ENV_SIMID,ENV_TEST,TASK_ID,n_rep,gray_srs,gray_s,gray_svy
51,gray,11,270,0.925925925925926,0.562962962962963,0.562962962962963
