ENV_SIMID,ENV_TEST,TASK_ID,n_rep,gray_srs,gray_s,gray_svy
41,gray,17,251,0.98804780876494,0.661354581673307,0.812749003984064
