ENV_SIMID,ENV_TEST,TASK_ID,n_rep,gray_srs,gray_s,gray_svy
48,gray,11,271,0.874538745387454,0.538745387453875,0.564575645756458
