ENV_SIMID,ENV_TEST,TASK_ID,n_rep,gray_srs,gray_s,gray_svy
48,gray,8,249,0.891566265060241,0.546184738955823,0.550200803212851
