ENV_SIMID,ENV_TEST,TASK_ID,n_rep,gray_srs,gray_s,gray_svy
54,gray,13,270,0.903703703703704,0.566666666666667,0.52962962962963
