ENV_SIMID,ENV_TEST,TASK_ID,n_rep,gray_srs,gray_s,gray_svy
47,gray,2,252,0.884920634920635,0.531746031746032,0.686507936507937
