ENV_SIMID,ENV_TEST,TASK_ID,n_rep,gray_srs,gray_s,gray_svy
37,gray,14,251,0.0677290836653386,0.0557768924302789,0.0956175298804781
