ENV_SIMID,ENV_TEST,TASK_ID,n_rep,gray_srs,gray_s,gray_svy
47,gray,7,270,0.896296296296296,0.514814814814815,0.666666666666667
