ENV_SIMID,ENV_TEST,TASK_ID,n_rep,gray_srs,gray_s,gray_svy
43,gray,14,186,0.043010752688172,0.139784946236559,0.209677419354839
