ENV_SIMID,ENV_TEST,TASK_ID,n_rep,gray_srs,gray_s,gray_svy
44,gray,17,229,0.973799126637555,0.59825327510917,0.724890829694323
