ENV_SIMID,ENV_TEST,TASK_ID,n_rep,gray_srs,gray_s,gray_svy
46,gray,11,249,0.0321285140562249,0.0522088353413655,0.0763052208835341
