ENV_SIMID,ENV_TEST,TASK_ID,n_rep,gray_srs,gray_s,gray_svy
37,gray,1,210,0.0714285714285714,0.0904761904761905,0.0619047619047619
