ENV_SIMID,ENV_TEST,TASK_ID,n_rep,gray_srs,gray_s,gray_svy
38,gray,7,230,0.995652173913044,0.678260869565217,0.847826086956522
