ENV_SIMID,ENV_TEST,TASK_ID,n_rep,gray_srs,gray_s,gray_svy
44,gray,15,228,0.978070175438597,0.666666666666667,0.789473684210526
