ENV_SIMID,ENV_TEST,TASK_ID,n_rep,gray_srs,gray_s,gray_svy
37,gray,15,228,0.0745614035087719,0.0701754385964912,0.0745614035087719
