ENV_SIMID,ENV_TEST,TASK_ID,n_rep,gray_srs,gray_s,gray_svy
41,gray,19,229,0.96943231441048,0.65938864628821,0.834061135371179
