ENV_SIMID,ENV_TEST,TASK_ID,n_rep,gray_srs,gray_s,gray_svy
41,gray,2,230,0.960869565217391,0.656521739130435,0.782608695652174
