ENV_SIMID,ENV_TEST,TASK_ID,n_rep,gray_srs,gray_s,gray_svy
41,gray,12,311,0.97427652733119,0.662379421221865,0.855305466237942
