ENV_SIMID,ENV_TEST,TASK_ID,n_rep,gray_srs,gray_s,gray_svy
45,gray,10,314,0.815286624203822,0.442675159235669,0.420382165605096
