ENV_SIMID,ENV_TEST,TASK_ID,n_rep,gray_srs,gray_s,gray_svy
43,gray,20,228,0.0482456140350877,0.157894736842105,0.254385964912281
