ENV_SIMID,ENV_TEST,TASK_ID,n_rep,gray_srs,gray_s,gray_svy
54,gray,11,271,0.904059040590406,0.601476014760148,0.546125461254613
