ENV_SIMID,ENV_TEST,TASK_ID,n_rep,gray_srs,gray_s,gray_svy
39,gray,14,312,0.778846153846154,0.416666666666667,0.400641025641026
