ENV_SIMID,ENV_TEST,TASK_ID,n_rep,gray_srs,gray_s,gray_svy
50,gray,12,271,0.870848708487085,0.505535055350554,0.660516605166052
