ENV_SIMID,ENV_TEST,TASK_ID,n_rep,gray_srs,gray_s,gray_svy
51,gray,1,251,0.924302788844621,0.573705179282869,0.577689243027888
