ENV_SIMID,ENV_TEST,TASK_ID,n_rep,gray_srs,gray_s,gray_svy
46,gray,19,230,0.0260869565217391,0.0347826086956522,0.0652173913043478
