ENV_SIMID,ENV_TEST,TASK_ID,n_rep,gray_srs,gray_s,gray_svy
40,gray,18,208,0.0336538461538462,0.0673076923076923,0.0769230769230769
