ENV_SIMID,ENV_TEST,TASK_ID,n_rep,gray_srs,gray_s,gray_svy
42,gray,1,272,0.746323529411765,0.400735294117647,0.430147058823529
