ENV_SIMID,ENV_TEST,TASK_ID,n_rep,gray_srs,gray_s,gray_svy
48,gray,10,251,0.904382470119522,0.541832669322709,0.541832669322709
