ENV_SIMID,ENV_TEST,TASK_ID,n_rep,gray_srs,gray_s,gray_svy
51,gray,4,271,0.907749077490775,0.531365313653137,0.590405904059041
