ENV_SIMID,ENV_TEST,TASK_ID,n_rep,gray_srs,gray_s,gray_svy
48,gray,13,229,0.91703056768559,0.550218340611354,0.563318777292576
