ENV_SIMID,ENV_TEST,TASK_ID,n_rep,gray_srs,gray_s,gray_svy
50,gray,4,252,0.873015873015873,0.511904761904762,0.706349206349206
