ENV_SIMID,ENV_TEST,TASK_ID,n_rep,gray_srs,gray_s,gray_svy
46,gray,16,251,0.0398406374501992,0.0358565737051793,0.0597609561752988
