ENV_SIMID,ENV_TEST,TASK_ID,n_rep,gray_srs,gray_s,gray_svy
44,gray,11,228,0.969298245614035,0.609649122807018,0.763157894736842
