ENV_SIMID,ENV_TEST,TASK_ID,n_rep,gray_srs,gray_s,gray_svy
38,gray,17,228,0.964912280701754,0.644736842105263,0.859649122807018
