ENV_SIMID,ENV_TEST,TASK_ID,n_rep,gray_srs,gray_s,gray_svy
41,gray,9,228,0.982456140350877,0.618421052631579,0.837719298245614
