ENV_SIMID,ENV_TEST,TASK_ID,n_rep,gray_srs,gray_s,gray_svy
43,gray,16,292,0.0582191780821918,0.157534246575342,0.26027397260274
