ENV_SIMID,ENV_TEST,TASK_ID,n_rep,gray_srs,gray_s,gray_svy
53,gray,20,270,0.922222222222222,0.418518518518519,0.585185185185185
