ENV_SIMID,ENV_TEST,TASK_ID,n_rep,gray_srs,gray_s,gray_svy
50,gray,7,270,0.881481481481482,0.511111111111111,0.655555555555556
