ENV_SIMID,ENV_TEST,TASK_ID,n_rep,gray_srs,gray_s,gray_svy
43,gray,2,208,0.0480769230769231,0.192307692307692,0.225961538461538
