ENV_SIMID,ENV_TEST,TASK_ID,n_rep,gray_srs,gray_s,gray_svy
44,gray,6,231,0.978354978354978,0.640692640692641,0.80952380952381
