ENV_SIMID,ENV_TEST,TASK_ID,n_rep,gray_srs,gray_s,gray_svy
37,gray,17,292,0.0513698630136986,0.0547945205479452,0.089041095890411
