ENV_SIMID,ENV_TEST,TASK_ID,n_rep,gray_srs,gray_s,gray_svy
48,gray,3,271,0.900369003690037,0.568265682656827,0.59409594095941
