ENV_SIMID,ENV_TEST,TASK_ID,n_rep,gray_srs,gray_s,gray_svy
50,gray,9,270,0.866666666666667,0.533333333333333,0.67037037037037
