ENV_SIMID,ENV_TEST,TASK_ID,n_rep,gray_srs,gray_s,gray_svy
42,gray,15,272,0.783088235294118,0.400735294117647,0.422794117647059
