ENV_SIMID,ENV_TEST,TASK_ID,n_rep,gray_srs,gray_s,gray_svy
54,gray,5,252,0.924603174603175,0.563492063492063,0.511904761904762
