ENV_SIMID,ENV_TEST,TASK_ID,n_rep,gray_srs,gray_s,gray_svy
53,gray,8,249,0.903614457831325,0.457831325301205,0.610441767068273
