ENV_SIMID,ENV_TEST,TASK_ID,n_rep,gray_srs,gray_s,gray_svy
39,gray,17,272,0.775735294117647,0.430147058823529,0.474264705882353
