ENV_SIMID,ENV_TEST,TASK_ID,n_rep,gray_srs,gray_s,gray_svy
44,gray,14,207,0.980676328502415,0.652173913043478,0.758454106280193
