ENV_SIMID,ENV_TEST,TASK_ID,n_rep,gray_srs,gray_s,gray_svy
46,gray,2,230,0.0304347826086957,0.0521739130434783,0.0391304347826087
