ENV_SIMID,ENV_TEST,TASK_ID,n_rep,gray_srs,gray_s,gray_svy
43,gray,7,209,0.0478468899521531,0.110047846889952,0.186602870813397
