ENV_SIMID,ENV_TEST,TASK_ID,n_rep,gray_srs,gray_s,gray_svy
43,gray,10,229,0.0480349344978166,0.135371179039301,0.262008733624454
