ENV_SIMID,ENV_TEST,TASK_ID,n_rep,gray_srs,gray_s,gray_svy
49,gray,7,251,0.0557768924302789,0.0717131474103586,0.0876494023904383
