ENV_SIMID,ENV_TEST,TASK_ID,n_rep,gray_srs,gray_s,gray_svy
47,gray,12,270,0.87037037037037,0.496296296296296,0.644444444444444
