ENV_SIMID,ENV_TEST,TASK_ID,n_rep,gray_srs,gray_s,gray_svy
37,gray,9,209,0.0382775119617225,0.076555023923445,0.0909090909090909
