ENV_SIMID,ENV_TEST,TASK_ID,n_rep,gray_srs,gray_s,gray_svy
40,gray,8,209,0.0382775119617225,0.0717703349282297,0.124401913875598
