ENV_SIMID,ENV_TEST,TASK_ID,n_rep,gray_srs,gray_s,gray_svy
44,gray,9,272,0.959558823529412,0.650735294117647,0.775735294117647
