ENV_SIMID,ENV_TEST,TASK_ID,n_rep,gray_srs,gray_s,gray_svy
51,gray,13,249,0.91566265060241,0.518072289156627,0.538152610441767
