ENV_SIMID,ENV_TEST,TASK_ID,n_rep,gray_srs,gray_s,gray_svy
43,gray,18,230,0.0695652173913043,0.160869565217391,0.269565217391304
