ENV_SIMID,ENV_TEST,TASK_ID,n_rep,gray_srs,gray_s,gray_svy
50,gray,10,272,0.878676470588235,0.477941176470588,0.632352941176471
