ENV_SIMID,ENV_TEST,TASK_ID,n_rep,gray_srs,gray_s,gray_svy
53,gray,6,249,0.907630522088353,0.457831325301205,0.590361445783133
