ENV_SIMID,ENV_TEST,TASK_ID,n_rep,gray_srs,gray_s,gray_svy
38,gray,18,314,0.971337579617834,0.697452229299363,0.878980891719745
