ENV_SIMID,ENV_TEST,TASK_ID,n_rep,gray_srs,gray_s,gray_svy
37,gray,4,334,0.0658682634730539,0.062874251497006,0.0748502994011976
