ENV_SIMID,ENV_TEST,TASK_ID,n_rep,gray_srs,gray_s,gray_svy
41,gray,10,230,0.98695652173913,0.652173913043478,0.843478260869565
