ENV_SIMID,ENV_TEST,TASK_ID,n_rep,gray_srs,gray_s,gray_svy
45,gray,3,374,0.815508021390374,0.454545454545455,0.414438502673797
