ENV_SIMID,ENV_TEST,TASK_ID,n_rep,gray_srs,gray_s,gray_svy
49,gray,5,229,0.0480349344978166,0.0786026200873362,0.0611353711790393
