ENV_SIMID,ENV_TEST,TASK_ID,n_rep,gray_srs,gray_s,gray_svy
41,gray,4,228,0.969298245614035,0.609649122807018,0.771929824561403
