ENV_SIMID,ENV_TEST,TASK_ID,n_rep,gray_srs,gray_s,gray_svy
54,gray,10,271,0.918819188191882,0.560885608856089,0.527675276752767
