ENV_SIMID,ENV_TEST,TASK_ID,n_rep,gray_srs,gray_s,gray_svy
49,gray,3,249,0.0481927710843374,0.0682730923694779,0.072289156626506
