ENV_SIMID,ENV_TEST,TASK_ID,n_rep,gray_srs,gray_s,gray_svy
44,gray,19,228,0.964912280701754,0.600877192982456,0.758771929824561
