ENV_SIMID,ENV_TEST,TASK_ID,n_rep,gray_srs,gray_s,gray_svy
43,gray,11,229,0.0524017467248908,0.135371179039301,0.235807860262009
