ENV_SIMID,ENV_TEST,TASK_ID,n_rep,gray_srs,gray_s,gray_svy
43,gray,5,209,0.0382775119617225,0.138755980861244,0.200956937799043
