ENV_SIMID,ENV_TEST,TASK_ID,n_rep,gray_srs,gray_s,gray_svy
52,gray,3,228,0.0657894736842105,0.0921052631578947,0.114035087719298
