ENV_SIMID,ENV_TEST,TASK_ID,n_rep,gray_srs,gray_s,gray_svy
40,gray,12,272,0.0367647058823529,0.0588235294117647,0.0772058823529412
