ENV_SIMID,ENV_TEST,TASK_ID,n_rep,gray_srs,gray_s,gray_svy
53,gray,7,249,0.903614457831325,0.514056224899598,0.63855421686747
