ENV_SIMID,ENV_TEST,TASK_ID,n_rep,gray_srs,gray_s,gray_svy
52,gray,14,230,0.0478260869565217,0.0782608695652174,0.121739130434783
