ENV_SIMID,ENV_TEST,TASK_ID,n_rep,gray_srs,gray_s,gray_svy
50,gray,18,271,0.892988929889299,0.512915129151292,0.675276752767528
