ENV_SIMID,ENV_TEST,TASK_ID,n_rep,gray_srs,gray_s,gray_svy
47,gray,11,270,0.87037037037037,0.503703703703704,0.659259259259259
