ENV_SIMID,ENV_TEST,TASK_ID,n_rep,gray_srs,gray_s,gray_svy
40,gray,9,208,0.0576923076923077,0.0721153846153846,0.0865384615384615
