ENV_SIMID,ENV_TEST,TASK_ID,n_rep,gray_srs,gray_s,gray_svy
37,gray,7,187,0.0588235294117647,0.0427807486631016,0.0588235294117647
