ENV_SIMID,ENV_TEST,TASK_ID,n_rep,gray_srs,gray_s,gray_svy
38,gray,15,228,0.942982456140351,0.640350877192982,0.833333333333333
