ENV_SIMID,ENV_TEST,TASK_ID,n_rep,gray_srs,gray_s,gray_svy
43,gray,3,207,0.0434782608695652,0.120772946859903,0.246376811594203
