ENV_SIMID,ENV_TEST,TASK_ID,n_rep,gray_srs,gray_s,gray_svy
39,gray,16,273,0.783882783882784,0.454212454212454,0.487179487179487
