ENV_SIMID,ENV_TEST,TASK_ID,n_rep,gray_srs,gray_s,gray_svy
39,gray,12,270,0.788888888888889,0.462962962962963,0.488888888888889
