ENV_SIMID,ENV_TEST,TASK_ID,n_rep,gray_srs,gray_s,gray_svy
47,gray,17,249,0.879518072289157,0.48995983935743,0.646586345381526
