ENV_SIMID,ENV_TEST,TASK_ID,n_rep,gray_srs,gray_s,gray_svy
48,gray,14,272,0.930147058823529,0.569852941176471,0.551470588235294
