ENV_SIMID,ENV_TEST,TASK_ID,n_rep,gray_srs,gray_s,gray_svy
50,gray,11,270,0.859259259259259,0.481481481481481,0.662962962962963
