ENV_SIMID,ENV_TEST,TASK_ID,n_rep,gray_srs,gray_s,gray_svy
54,gray,16,270,0.914814814814815,0.559259259259259,0.544444444444444
