ENV_SIMID,ENV_TEST,TASK_ID,n_rep,gray_srs,gray_s,gray_svy
48,gray,1,272,0.867647058823529,0.547794117647059,0.518382352941177
