ENV_SIMID,ENV_TEST,TASK_ID,n_rep,gray_srs,gray_s,gray_svy
39,gray,6,248,0.770161290322581,0.44758064516129,0.463709677419355
