ENV_SIMID,ENV_TEST,TASK_ID,n_rep,gray_srs,gray_s,gray_svy
40,gray,16,270,0.0444444444444444,0.0592592592592593,0.0814814814814815
