ENV_SIMID,ENV_TEST,TASK_ID,n_rep,gray_srs,gray_s,gray_svy
42,gray,10,272,0.753676470588235,0.444852941176471,0.455882352941176
