ENV_SIMID,ENV_TEST,TASK_ID,n_rep,gray_srs,gray_s,gray_svy
41,gray,8,229,0.991266375545852,0.65938864628821,0.882096069868996
