ENV_SIMID,ENV_TEST,TASK_ID,n_rep,gray_srs,gray_s,gray_svy
38,gray,5,229,0.978165938864629,0.681222707423581,0.807860262008734
