ENV_SIMID,ENV_TEST,TASK_ID,n_rep,gray_srs,gray_s,gray_svy
52,gray,11,229,0.0349344978165939,0.0786026200873362,0.131004366812227
