ENV_SIMID,ENV_TEST,TASK_ID,n_rep,gray_srs,gray_s,gray_svy
39,gray,19,375,0.762666666666667,0.458666666666667,0.482666666666667
