ENV_SIMID,ENV_TEST,TASK_ID,n_rep,gray_srs,gray_s,gray_svy
48,gray,4,229,0.912663755458515,0.54585152838428,0.589519650655022
