ENV_SIMID,ENV_TEST,TASK_ID,n_rep,gray_srs,gray_s,gray_svy
40,gray,15,210,0.0476190476190476,0.0619047619047619,0.0666666666666667
