ENV_SIMID,ENV_TEST,TASK_ID,n_rep,gray_srs,gray_s,gray_svy
51,gray,2,270,0.907407407407407,0.559259259259259,0.555555555555556
