ENV_SIMID,ENV_TEST,TASK_ID,n_rep,gray_srs,gray_s,gray_svy
40,gray,13,210,0.0238095238095238,0.0666666666666667,0.080952380952381
