ENV_SIMID,ENV_TEST,TASK_ID,n_rep,gray_srs,gray_s,gray_svy
53,gray,15,248,0.907258064516129,0.439516129032258,0.608870967741935
