ENV_SIMID,ENV_TEST,TASK_ID,n_rep,gray_srs,gray_s,gray_svy
41,gray,18,228,0.956140350877193,0.653508771929825,0.864035087719298
