ENV_SIMID,ENV_TEST,TASK_ID,n_rep,gray_srs,gray_s,gray_svy
44,gray,4,292,0.969178082191781,0.61986301369863,0.780821917808219
