ENV_SIMID,ENV_TEST,TASK_ID,n_rep,gray_srs,gray_s,gray_svy
53,gray,2,228,0.903508771929825,0.434210526315789,0.614035087719298
