ENV_SIMID,ENV_TEST,TASK_ID,n_rep,gray_srs,gray_s,gray_svy
43,gray,12,208,0.0432692307692308,0.139423076923077,0.206730769230769
