ENV_SIMID,ENV_TEST,TASK_ID,n_rep,gray_srs,gray_s,gray_svy
47,gray,9,251,0.880478087649402,0.49800796812749,0.645418326693227
