ENV_SIMID,ENV_TEST,TASK_ID,n_rep,gray_srs,gray_s,gray_svy
39,gray,3,270,0.796296296296296,0.437037037037037,0.448148148148148
