ENV_SIMID,ENV_TEST,TASK_ID,n_rep,gray_srs,gray_s,gray_svy
45,gray,16,230,0.826086956521739,0.443478260869565,0.417391304347826
