ENV_SIMID,ENV_TEST,TASK_ID,n_rep,gray_srs,gray_s,gray_svy
54,gray,14,251,0.920318725099602,0.581673306772908,0.549800796812749
