ENV_SIMID,ENV_TEST,TASK_ID,n_rep,gray_srs,gray_s,gray_svy
45,gray,15,230,0.808695652173913,0.469565217391304,0.421739130434783
