ENV_SIMID,ENV_TEST,TASK_ID,n_rep,gray_srs,gray_s,gray_svy
52,gray,10,231,0.0432900432900433,0.0735930735930736,0.142857142857143
