ENV_SIMID,ENV_TEST,TASK_ID,n_rep,gray_srs,gray_s,gray_svy
53,gray,4,230,0.908695652173913,0.465217391304348,0.573913043478261
