ENV_SIMID,ENV_TEST,TASK_ID,n_rep,gray_srs,gray_s,gray_svy
40,gray,14,187,0.0588235294117647,0.0909090909090909,0.106951871657754
