ENV_SIMID,ENV_TEST,TASK_ID,n_rep,gray_srs,gray_s,gray_svy
39,gray,1,251,0.804780876494024,0.430278884462151,0.386454183266932
