ENV_SIMID,ENV_TEST,TASK_ID,n_rep,gray_srs,gray_s,gray_svy
52,gray,16,229,0.0436681222707424,0.0655021834061135,0.14410480349345
