ENV_SIMID,ENV_TEST,TASK_ID,n_rep,gray_srs,gray_s,gray_svy
44,gray,7,230,0.973913043478261,0.656521739130435,0.791304347826087
