ENV_SIMID,ENV_TEST,TASK_ID,n_rep,gray_srs,gray_s,gray_svy
38,gray,12,209,0.966507177033493,0.665071770334928,0.866028708133971
