ENV_SIMID,ENV_TEST,TASK_ID,n_rep,gray_srs,gray_s,gray_svy
53,gray,1,210,0.923809523809524,0.457142857142857,0.59047619047619
