ENV_SIMID,ENV_TEST,TASK_ID,n_rep,gray_srs,gray_s,gray_svy
37,gray,16,227,0.052863436123348,0.0616740088105727,0.066079295154185
