ENV_SIMID,ENV_TEST,TASK_ID,n_rep,gray_srs,gray_s,gray_svy
44,gray,13,230,0.978260869565217,0.61304347826087,0.756521739130435
