ENV_SIMID,ENV_TEST,TASK_ID,n_rep,gray_srs,gray_s,gray_svy
38,gray,13,228,0.956140350877193,0.675438596491228,0.846491228070175
