ENV_SIMID,ENV_TEST,TASK_ID,n_rep,gray_srs,gray_s,gray_svy
40,gray,7,208,0.0384615384615385,0.0817307692307692,0.115384615384615
