ENV_SIMID,ENV_TEST,TASK_ID,n_rep,gray_srs,gray_s,gray_svy
54,gray,17,249,0.91566265060241,0.594377510040161,0.586345381526104
