ENV_SIMID,ENV_TEST,TASK_ID,n_rep,gray_srs,gray_s,gray_svy
44,gray,16,228,0.964912280701754,0.62719298245614,0.763157894736842
