ENV_SIMID,ENV_TEST,TASK_ID,n_rep,gray_srs,gray_s,gray_svy
43,gray,17,228,0.043859649122807,0.135964912280702,0.245614035087719
