ENV_SIMID,ENV_TEST,TASK_ID,n_rep,gray_srs,gray_s,gray_svy
39,gray,11,249,0.771084337349398,0.385542168674699,0.381526104417671
