ENV_SIMID,ENV_TEST,TASK_ID,n_rep,gray_srs,gray_s,gray_svy
39,gray,7,271,0.77859778597786,0.383763837638376,0.424354243542435
