ENV_SIMID,ENV_TEST,TASK_ID,n_rep,gray_srs,gray_s,gray_svy
53,gray,3,249,0.887550200803213,0.506024096385542,0.630522088353414
