ENV_SIMID,ENV_TEST,TASK_ID,n_rep,gray_srs,gray_s,gray_svy
52,gray,4,230,0.0565217391304348,0.0434782608695652,0.126086956521739
