ENV_SIMID,ENV_TEST,TASK_ID,n_rep,gray_srs,gray_s,gray_svy
40,gray,6,230,0.0521739130434783,0.0652173913043478,0.0782608695652174
