ENV_SIMID,ENV_TEST,TASK_ID,n_rep,gray_srs,gray_s,gray_svy
53,gray,9,251,0.892430278884462,0.47808764940239,0.649402390438247
