ENV_SIMID,ENV_TEST,TASK_ID,n_rep,gray_srs,gray_s,gray_svy
54,gray,3,270,0.896296296296296,0.559259259259259,0.551851851851852
