ENV_SIMID,ENV_TEST,TASK_ID,n_rep,gray_srs,gray_s,gray_svy
38,gray,6,230,0.952173913043478,0.665217391304348,0.843478260869565
