ENV_SIMID,ENV_TEST,TASK_ID,n_rep,gray_srs,gray_s,gray_svy
45,gray,17,252,0.773809523809524,0.444444444444444,0.428571428571429
