ENV_SIMID,ENV_TEST,TASK_ID,n_rep,gray_srs,gray_s,gray_svy
43,gray,8,294,0.0442176870748299,0.156462585034014,0.200680272108844
