ENV_SIMID,ENV_TEST,TASK_ID,n_rep,gray_srs,gray_s,gray_svy
53,gray,17,251,0.908366533864542,0.438247011952191,0.601593625498008
