ENV_SIMID,ENV_TEST,TASK_ID,n_rep,gray_srs,gray_s,gray_svy
46,gray,4,252,0.0238095238095238,0.0555555555555556,0.0714285714285714
