ENV_SIMID,ENV_TEST,TASK_ID,n_rep,gray_srs,gray_s,gray_svy
52,gray,20,229,0.0567685589519651,0.100436681222707,0.148471615720524
