ENV_SIMID,ENV_TEST,TASK_ID,n_rep,gray_srs,gray_s,gray_svy
37,gray,2,188,0.0638297872340425,0.0904255319148936,0.0425531914893617
