ENV_SIMID,ENV_TEST,TASK_ID,n_rep,gray_srs,gray_s,gray_svy
44,gray,10,231,0.965367965367965,0.632034632034632,0.761904761904762
