ENV_SIMID,ENV_TEST,TASK_ID,n_rep,gray_srs,gray_s,gray_svy
38,gray,10,209,0.961722488038278,0.688995215311005,0.842105263157895
