ENV_SIMID,ENV_TEST,TASK_ID,n_rep,gray_srs,gray_s,gray_svy
50,gray,16,270,0.892592592592593,0.481481481481481,0.648148148148148
