ENV_SIMID,ENV_TEST,TASK_ID,n_rep,gray_srs,gray_s,gray_svy
42,gray,9,353,0.73371104815864,0.413597733711048,0.456090651558074
