ENV_SIMID,ENV_TEST,TASK_ID,n_rep,gray_srs,gray_s,gray_svy
50,gray,20,271,0.915129151291513,0.47970479704797,0.645756457564576
