ENV_SIMID,ENV_TEST,TASK_ID,n_rep,gray_srs,gray_s,gray_svy
48,gray,5,271,0.885608856088561,0.538745387453875,0.55719557195572
