ENV_SIMID,ENV_TEST,TASK_ID,n_rep,gray_srs,gray_s,gray_svy
52,gray,1,249,0.0481927710843374,0.0522088353413655,0.136546184738956
