ENV_SIMID,ENV_TEST,TASK_ID,n_rep,gray_srs,gray_s,gray_svy
37,gray,13,208,0.0721153846153846,0.0769230769230769,0.0673076923076923
