ENV_SIMID,ENV_TEST,TASK_ID,n_rep,gray_srs,gray_s,gray_svy
41,gray,13,230,0.978260869565217,0.652173913043478,0.856521739130435
