ENV_SIMID,ENV_TEST,TASK_ID,n_rep,gray_srs,gray_s,gray_svy
51,gray,16,252,0.912698412698413,0.583333333333333,0.591269841269841
