ENV_SIMID,ENV_TEST,TASK_ID,n_rep,gray_srs,gray_s,gray_svy
43,gray,15,210,0.0476190476190476,0.133333333333333,0.261904761904762
