ENV_SIMID,ENV_TEST,TASK_ID,n_rep,gray_srs,gray_s,gray_svy
41,gray,7,248,0.979838709677419,0.657258064516129,0.854838709677419
