ENV_SIMID,ENV_TEST,TASK_ID,n_rep,gray_srs,gray_s,gray_svy
45,gray,12,271,0.797047970479705,0.44280442804428,0.413284132841328
