ENV_SIMID,ENV_TEST,TASK_ID,n_rep,gray_srs,gray_s,gray_svy
41,gray,20,229,0.956331877729258,0.689956331877729,0.838427947598253
