ENV_SIMID,ENV_TEST,TASK_ID,n_rep,gray_srs,gray_s,gray_svy
42,gray,17,272,0.761029411764706,0.430147058823529,0.397058823529412
