ENV_SIMID,ENV_TEST,TASK_ID,n_rep,gray_srs,gray_s,gray_svy
38,gray,11,230,0.965217391304348,0.669565217391304,0.856521739130435
