ENV_SIMID,ENV_TEST,TASK_ID,n_rep,gray_srs,gray_s,gray_svy
45,gray,13,271,0.789667896678967,0.476014760147601,0.409594095940959
