ENV_SIMID,ENV_TEST,TASK_ID,n_rep,gray_srs,gray_s,gray_svy
41,gray,16,229,0.982532751091703,0.65938864628821,0.781659388646288
