ENV_SIMID,ENV_TEST,TASK_ID,n_rep,gray_srs,gray_s,gray_svy
46,gray,3,230,0.0434782608695652,0.0521739130434783,0.0869565217391304
