ENV_SIMID,ENV_TEST,TASK_ID,n_rep,gray_srs,gray_s,gray_svy
48,gray,12,251,0.896414342629482,0.557768924302789,0.541832669322709
