ENV_SIMID,ENV_TEST,TASK_ID,n_rep,gray_srs,gray_s,gray_svy
37,gray,20,230,0.0565217391304348,0.0608695652173913,0.0695652173913043
