ENV_SIMID,ENV_TEST,TASK_ID,n_rep,gray_srs,gray_s,gray_svy
53,gray,10,229,0.88646288209607,0.471615720524017,0.641921397379913
