ENV_SIMID,ENV_TEST,TASK_ID,n_rep,gray_srs,gray_s,gray_svy
46,gray,1,251,0.0438247011952191,0.047808764940239,0.051792828685259
