ENV_SIMID,ENV_TEST,TASK_ID,n_rep,gray_srs,gray_s,gray_svy
45,gray,8,270,0.788888888888889,0.451851851851852,0.437037037037037
