ENV_SIMID,ENV_TEST,TASK_ID,n_rep,gray_srs,gray_s,gray_svy
45,gray,9,270,0.785185185185185,0.444444444444444,0.411111111111111
