ENV_SIMID,ENV_TEST,TASK_ID,n_rep,gray_srs,gray_s,gray_svy
52,gray,18,230,0.0434782608695652,0.0869565217391304,0.0956521739130435
