ENV_SIMID,ENV_TEST,TASK_ID,n_rep,gray_srs,gray_s,gray_svy
38,gray,14,229,0.960698689956332,0.668122270742358,0.838427947598253
