ENV_SIMID,ENV_TEST,TASK_ID,n_rep,gray_srs,gray_s,gray_svy
51,gray,9,251,0.912350597609562,0.541832669322709,0.541832669322709
