ENV_SIMID,ENV_TEST,TASK_ID,n_rep,gray_srs,gray_s,gray_svy
46,gray,20,251,0.0278884462151394,0.0557768924302789,0.0836653386454183
