ENV_SIMID,ENV_TEST,TASK_ID,n_rep,gray_srs,gray_s,gray_svy
46,gray,17,313,0.0351437699680511,0.0511182108626198,0.073482428115016
