ENV_SIMID,ENV_TEST,TASK_ID,n_rep,gray_srs,gray_s,gray_svy
38,gray,3,207,0.942028985507246,0.632850241545894,0.821256038647343
