ENV_SIMID,ENV_TEST,TASK_ID,n_rep,gray_srs,gray_s,gray_svy
47,gray,4,251,0.876494023904382,0.48207171314741,0.669322709163347
