ENV_SIMID,ENV_TEST,TASK_ID,n_rep,gray_srs,gray_s,gray_svy
40,gray,10,208,0.0240384615384615,0.0528846153846154,0.0673076923076923
