ENV_SIMID,ENV_TEST,TASK_ID,n_rep,gray_srs,gray_s,gray_svy
51,gray,18,249,0.8714859437751,0.57429718875502,0.570281124497992
