ENV_SIMID,ENV_TEST,TASK_ID,n_rep,gray_srs,gray_s,gray_svy
39,gray,18,312,0.782051282051282,0.429487179487179,0.445512820512821
