ENV_SIMID,ENV_TEST,TASK_ID,n_rep,gray_srs,gray_s,gray_svy
45,gray,20,314,0.773885350318471,0.477707006369427,0.429936305732484
