ENV_SIMID,ENV_TEST,TASK_ID,n_rep,gray_srs,gray_s,gray_svy
40,gray,19,209,0.0382775119617225,0.0574162679425837,0.0956937799043062
