ENV_SIMID,ENV_TEST,TASK_ID,n_rep,gray_srs,gray_s,gray_svy
49,gray,10,251,0.0557768924302789,0.0637450199203187,0.0756972111553785
