ENV_SIMID,ENV_TEST,TASK_ID,n_rep,gray_srs,gray_s,gray_svy
46,gray,10,230,0.0565217391304348,0.0565217391304348,0.091304347826087
