ENV_SIMID,ENV_TEST,TASK_ID,n_rep,gray_srs,gray_s,gray_svy
46,gray,14,230,0.0391304347826087,0.0434782608695652,0.0608695652173913
