ENV_SIMID,ENV_TEST,TASK_ID,n_rep,gray_srs,gray_s,gray_svy
38,gray,9,293,0.976109215017065,0.665529010238908,0.839590443686007
