ENV_SIMID,ENV_TEST,TASK_ID,n_rep,gray_srs,gray_s,gray_svy
51,gray,19,270,0.896296296296296,0.544444444444444,0.566666666666667
