ENV_SIMID,ENV_TEST,TASK_ID,n_rep,gray_srs,gray_s,gray_svy
42,gray,7,271,0.756457564575646,0.413284132841328,0.461254612546125
