ENV_SIMID,ENV_TEST,TASK_ID,n_rep,gray_srs,gray_s,gray_svy
42,gray,3,271,0.785977859778598,0.409594095940959,0.387453874538745
