ENV_SIMID,ENV_TEST,TASK_ID,n_rep,gray_srs,gray_s,gray_svy
43,gray,6,209,0.0382775119617225,0.15311004784689,0.215311004784689
