ENV_SIMID,ENV_TEST,TASK_ID,n_rep,gray_srs,gray_s,gray_svy
47,gray,18,269,0.895910780669145,0.546468401486989,0.695167286245353
