ENV_SIMID,ENV_TEST,TASK_ID,n_rep,gray_srs,gray_s,gray_svy
54,gray,19,251,0.900398406374502,0.601593625498008,0.545816733067729
