ENV_SIMID,ENV_TEST,TASK_ID,n_rep,gray_srs,gray_s,gray_svy
43,gray,1,229,0.0305676855895196,0.148471615720524,0.231441048034935
