ENV_SIMID,ENV_TEST,TASK_ID,n_rep,gray_srs,gray_s,gray_svy
50,gray,17,251,0.852589641434263,0.48207171314741,0.677290836653386
