ENV_SIMID,ENV_TEST,TASK_ID,n_rep,gray_srs,gray_s,gray_svy
40,gray,17,207,0.0483091787439614,0.0917874396135266,0.0966183574879227
