ENV_SIMID,ENV_TEST,TASK_ID,n_rep,gray_srs,gray_s,gray_svy
48,gray,19,249,0.891566265060241,0.530120481927711,0.582329317269076
