ENV_SIMID,ENV_TEST,TASK_ID,n_rep,gray_srs,gray_s,gray_svy
38,gray,19,230,0.956521739130435,0.647826086956522,0.826086956521739
