ENV_SIMID,ENV_TEST,TASK_ID,n_rep,gray_srs,gray_s,gray_svy
42,gray,13,272,0.735294117647059,0.448529411764706,0.408088235294118
