ENV_SIMID,ENV_TEST,TASK_ID,n_rep,gray_srs,gray_s,gray_svy
53,gray,12,271,0.88929889298893,0.457564575645756,0.612546125461255
