ENV_SIMID,ENV_TEST,TASK_ID,n_rep,gray_srs,gray_s,gray_svy
46,gray,13,229,0.0174672489082969,0.074235807860262,0.0655021834061135
