ENV_SIMID,ENV_TEST,TASK_ID,n_rep,gray_srs,gray_s,gray_svy
46,gray,8,252,0.0119047619047619,0.0515873015873016,0.0396825396825397
