ENV_SIMID,ENV_TEST,TASK_ID,n_rep,gray_srs,gray_s,gray_svy
49,gray,1,230,0.0434782608695652,0.0434782608695652,0.0739130434782609
