ENV_SIMID,ENV_TEST,TASK_ID,n_rep,gray_srs,gray_s,gray_svy
45,gray,11,270,0.774074074074074,0.481481481481481,0.42962962962963
