ENV_SIMID,ENV_TEST,TASK_ID,n_rep,gray_srs,gray_s,gray_svy
48,gray,6,249,0.903614457831325,0.550200803212851,0.566265060240964
