ENV_SIMID,ENV_TEST,TASK_ID,n_rep,gray_srs,gray_s,gray_svy
37,gray,12,187,0.0748663101604278,0.0641711229946524,0.0855614973262032
