ENV_SIMID,ENV_TEST,TASK_ID,n_rep,gray_srs,gray_s,gray_svy
38,gray,4,227,0.973568281938326,0.651982378854626,0.841409691629956
