ENV_SIMID,ENV_TEST,TASK_ID,n_rep,gray_srs,gray_s,gray_svy
43,gray,19,209,0.0478468899521531,0.148325358851675,0.239234449760766
