ENV_SIMID,ENV_TEST,TASK_ID,n_rep,gray_srs,gray_s,gray_svy
40,gray,11,207,0.0338164251207729,0.0531400966183575,0.0676328502415459
