ENV_SIMID,ENV_TEST,TASK_ID,n_rep,gray_srs,gray_s,gray_svy
40,gray,4,187,0.0427807486631016,0.0695187165775401,0.112299465240642
