ENV_SIMID,ENV_TEST,TASK_ID,n_rep,gray_srs,gray_s,gray_svy
49,gray,4,230,0.0347826086956522,0.0565217391304348,0.0782608695652174
