ENV_SIMID,ENV_TEST,TASK_ID,n_rep,gray_srs,gray_s,gray_svy
49,gray,9,251,0.047808764940239,0.0438247011952191,0.0597609561752988
