ENV_SIMID,ENV_TEST,TASK_ID,n_rep,gray_srs,gray_s,gray_svy
46,gray,15,229,0.0218340611353712,0.0873362445414847,0.0655021834061135
