ENV_SIMID,ENV_TEST,TASK_ID,n_rep,gray_srs,gray_s,gray_svy
46,gray,5,231,0.025974025974026,0.0562770562770563,0.038961038961039
