ENV_SIMID,ENV_TEST,TASK_ID,n_rep,gray_srs,gray_s,gray_svy
52,gray,17,229,0.0480349344978166,0.0829694323144105,0.157205240174672
