ENV_SIMID,ENV_TEST,TASK_ID,n_rep,gray_srs,gray_s,gray_svy
38,gray,1,292,0.979452054794521,0.702054794520548,0.835616438356164
