ENV_SIMID,ENV_TEST,TASK_ID,n_rep,gray_srs,gray_s,gray_svy
45,gray,7,271,0.797047970479705,0.431734317343173,0.383763837638376
