ENV_SIMID,ENV_TEST,TASK_ID,n_rep,gray_srs,gray_s,gray_svy
43,gray,9,271,0.044280442804428,0.140221402214022,0.228782287822878
