ENV_SIMID,ENV_TEST,TASK_ID,n_rep,gray_srs,gray_s,gray_svy
41,gray,11,228,0.986842105263158,0.635964912280702,0.859649122807018
