ENV_SIMID,ENV_TEST,TASK_ID,n_rep,gray_srs,gray_s,gray_svy
50,gray,8,269,0.877323420074349,0.494423791821561,0.661710037174721
