ENV_SIMID,ENV_TEST,TASK_ID,n_rep,gray_srs,gray_s,gray_svy
46,gray,18,249,0.0200803212851406,0.036144578313253,0.0562248995983936
