ENV_SIMID,ENV_TEST,TASK_ID,n_rep,gray_srs,gray_s,gray_svy
44,gray,3,230,0.969565217391304,0.660869565217391,0.795652173913043
